0;Fernando;691
1;Tomas;273
2;Mariana;342
4;Lucas;610
5;Daniela;280
6;Agostina;276
7;Mariana;923
8;Carla;630
9;Raul;790
10;Natalia;634
11;Agustin;547
12;Iris;552
13;Federico;237
14;Sebastian;736
15;Juan;430
16;Cristian;373
17;Amalia;546
18;Veronica;879
19;Melisa;180
20;Paola;156
22;Maria;189
23;Soledad;446
24;Fernandez;395
25;Roque;758
26;Franco;277
27;Daniela;937
28;Francisco;555
29;Francisco;718
31;Federico;746
32;Juan;194
33;Sebastian;148
34;Sebastian;279
35;Alejandra;230
36;Javier;441
37;Martina;931
39;Antonella;464
40;Beatriz;560
42;Natalia;951
44;Eduardo;135
45;Jose;795
46;Gerardo;294
47;Gonzalo;848
48;Marcelo;962
50;Claudia;591
51;Astini;995
54;Luis;124
56;Analia;290
57;Federico;193
58;Constanza;925
60;Ezequiel;159
61;Antonio;240
62;Cesar;511
64;Milagros;994
65;Maria;702
66;Maria;519
67;Julian;954
68;Candelaria;609
69;Gustavo;771
70;Federico;588
71;Gabriela;544
72;Luis;619
74;Carla;755
75;Josefina;302
76;Gonzalo;503
77;Ailin;582
78;Osenda;820
79;Diego;663
80;Mariano;532
81;Sabrina;612
82;Guadalupe;953
83;Ana;447
84;Moreno;911
85;Marta;370
86;David;203
88;Carlos;731
89;Guillermo;779
91;Ezequiel;231
92;Carolina;154
93;Martin;311
94;Mario;554
95;Valentina;662
96;Vanina;940
97;Laura;344
98;Julieta;886
99;Martin;102
100;Magdalena;122
101;Mario;561
102;Pablo;712
103;Eliana;506
106;Andres;709
107;Laura;355
109;Maria;753
110;Santiago;537
111;Sofia;732
112;Clara;761
114;Christian;365
115;Javier;465
116;Fabian;729
117;Paula;340
119;Federico;514
120;Carmen;897
121;Gonzalo;946
124;Lucas;888
125;Emilio;777
126;Agustin;908
128;Victor;632
130;Javier;454
131;Ivana;970
132;Julian;333
133;Consuelo;884
134;Andres;457
135;Pablo;695
136;Natalia;974
137;David;190
138;Bazan;700
142;Calvimonte;192
143;Monica;257
144;Ramiro;387
145;Martin;451
146;Valeria;383
147;Javier;680
148;Mauro;282
149;Lucas;713
150;Sebastian;382
151;Gonzalo;160
152;Marianela;460
153;Jorge;943
155;Emiliano;914
156;Gabriel;247
159;Santiago;266
160;Susana;596
161;Juan;529
162;Exequiel;169
163;Adriana;298
165;Carla;900
171;Agustin;837
172;Cecilia;217
173;Ezequiel;657
174;Nicolas;501
175;Ruben;825
176;Luis;568
177;Maite;641
178;Franco;301
180;Andres;422
184;Nicolas;812
185;Santiago;440
191;Carolina;330
192;Anabel;887
193;Franco;797
194;Jorge;141
196;Tiburcio;587
197;Antonela;390
199;Emiliano;672
200;Elena;429
202;Ariel;682
203;Marcelo;699
204;Laura;227
205;Irene;379
207;Alejandro;763
208;Ramiro;845
210;Marinao;767
212;Julian;633
213;Hermann;438
214;Gaston;421
215;Adriana;944
217;Adriana;391
219;Guido;872
220;Nicolas;233
221;Gonzalo;919
222;Julieta;335
223;Yanina;684
224;Guido;551
225;Maria;748
226;Rodrigo;905
227;Gonzalo;831
228;Javier;418
229;Gustavo;674
230;Franco;583
231;Pablo;368
232;Violeta;321
234;Nahuel;403
235;Jonatan;760
236;Julieta;964
237;Rodrigo;528
238;Juan;404
239;Esteban;498
240;Elisa;394
241;Consuelo;249
242;Franco;749
243;Pablo;550
244;Gonzalo;362
248;Maxi;971
250;Ezequiel;920
252;Milbia;750
253;Cristian;134
254;Hector;359
255;Jorge;868
256;Pablo;935
257;Laura;244
259;Romina;851
260;Silvia;685
261;Javier;655
262;Melina;978
264;Maria;580
265;Mariano;772
266;Emanuel;681
267;Francisco;973
268;Nahuel;232
269;Leandro;611
270;Soledad;958
271;Maria;811
272;Javier;271
275;Marcelo;461
277;Marcelo;585
280;Mariana;855
281;Brian;540
284;Gonzalo;857
285;Luciana;476
287;Lucas;800
288;Diego;664
289;Ezequiel;221
290;Marcos;258
291;Jorge;462
292;Julieta;821
293;Diego;963
294;Gabriela;586
295;Patricio;478
296;Juan;396
297;Carlos;563
298;Marcos;242
302;Patricio;182
303;Christian;827
304;Alvaro;308
305;Tania;136
307;Federico;324
310;Mauro;164
312;Emiliano;805
313;Carla;235
314;Matias;849
315;Maria;521
316;Diana;140
317;Luis;816
318;Jeremias;428
321;Mariano;305
322;Diego;791
323;Daniel;326
324;Emiliano;337
326;Enrique;687
328;Torres;570
329;Juan;965
331;Ignacio;473
332;Claudio;823
333;Gonzalo;374
334;Maxi;675
335;David;530
336;Victoria;181
337;Mariana;139
340;Juan;833
341;Fernando;789
342;Aldo;850
343;Alan;378
347;Rodrigo;187
348;Javier;455
356;Juan;815
357;Milagros;146
358;Mariano;624
359;Gonzalo;158
360;Carolina;569
361;Gabriel;799
362;Virginia;316
363;San;303
364;Pedro;444
365;Rosario;133
368;Noelia;332
369;Agustin;264
373;Jhonathan;120
374;Mauricio;292
375;Maria;714
376;Eva;631
377;Agustin;184
378;Jorge;933
379;Diego;348
380;Guillermo;665
381;Mauro;843
382;Luciana;677
383;Aixa;105
384;Paola;604
385;Matias;818
386;Guadalupe;488
387;Erick;165
388;Carolina;543
391;Alejandro;274
392;Marcelo;400
393;Javier;877
394;Mariana;757
395;Salas;173
396;Javier;696
397;Lucas;711
399;Oscar;265
400;Johana;250
402;Mariana;969
403;Ezequiel;204
404;Rodolfo;896
405;Dolores;913
407;Maria;212
408;Maria;878
409;Maria;518
411;Javier;798
412;Paula;177
413;Nathalie;735
414;Aiassa;918
415;Giuliano;873
418;Marcos;435
419;Hebelen;475
421;Silvina;835
424;Pedro;640
425;Fabio;402
427;Georgina;666
430;Gabriela;431
431;Anahi;572
432;Cecilia;616
435;Gloria;205
436;Pablo;472
441;Julio;356
442;Vanesa;874
443;Florencia;327
444;Javier;814
447;Fabiana;559
449;Oscar;161
450;Sergio;542
451;Leopoldo;947
452;Federico;773
453;Virginia;626
454;Victoria;119
455;Ignacio;948
456;Tomas;127
457;Bruno;283
459;Anabel;420
460;Matias;906
461;Ana;654
462;Diego;393
463;Fernando;726
464;Alejandro;952
465;Jhonatan;656
466;Jhonatan;131
467;Paula;432
468;Lucia;957
469;Vanina;599
470;Florencia;289
471;Nicolas;839
472;Sebastian;892
473;Natalia;109
474;Maria;590
476;Guillermo;676
477;Gabriel;620
478;Juan;286
479;Tamara;386
480;Sebastian;115
482;Nadia;778
483;Mariano;576
484;Florencia;350
488;Paulina;371
490;Sol;263
491;Mariano;216
492;Daniela;496
495;Lucia;912
498;Paula;704
500;Carla;922
501;Lopez;828
502;Facundo;980
505;Ivana;228
506;Rocio;469
507;Adan;898
508;Luis;976
509;Marcelo;533
511;Sofia;670
512;Javier;882
515;Juan;251
516;Carolina;861
518;Milena;615
519;Renzo;579
520;Sergio;417
523;Diego;759
524;Leonardo;153
525;Natalia;617
526;Facundo;793
527;Santiago;686
528;Cristian;803
529;Mauro;206
530;Franco;747
531;Gaston;683
532;Miguel;673
533;Matias;512
534;Exequiel;147
535;Stella;137
537;Federico;806
538;Pablo;179
539;Pablo;784
540;Joaquin;152
